id,first_name,last_name,age,credit_card,city
1,Megan,Osmund,55,visa,Huachos
2,Calhoun,Debney,51,mastercard,Hashaat
3,Millicent,Buckles,28,visa,Nagbacalan
4,Hartley,Petticrew,39,mastercard,La Virgen
5,Cynthy,Laurenzi,51,mastercard,Combapata
6,Lewie,Shafe,31,mastercard,Isfahan
7,Lorrin,Eberdt,42,visa,Xiangshan
8,Arney,Coopman,20,mastercard,Wulin
9,Alicea,Oertzen,44,visa,Gedongmulyo
10,Tony,Nuzzti,26,mastercard,Iktābah
11,Lilyan,Fidell,23,visa,Takaoka
12,Giselle,Casaccio,28,mastercard,Phitsanulok
13,Vaclav,Pulbrook,24,visa,Spuž
14,Ophelia,Cordes,20,visa,Hallstavik
15,Farly,Berzon,52,mastercard,Onguday
16,Amelie,Dawidowicz,22,visa,Nabunturan
17,Frederich,Fitchen,30,mastercard,Líbeznice
18,Garfield,Lambrecht,43,mastercard,Huaxijie
19,Eolanda,Aleksankov,54,visa,Laiwu
20,Susana,O'Rudden,44,visa,Predavac
21,Felice,Le Breton,47,visa,Tuzhai
22,Addy,Eliet,47,mastercard,Ilioúpoli
23,Susan,Leipold,42,mastercard,Bacag
24,Paulie,Yule,52,visa,Al ‘Ashshah
25,Kaila,Madle,25,mastercard,Datun
26,Dominique,Smewing,36,mastercard,Limen
27,Donall,Jelly,41,mastercard,Villa Gesell
28,Tanya,Hulbert,30,visa,Nanmuping
29,Bidget,Wrinch,54,mastercard,Lívingston
30,Livvie,Brumfitt,35,mastercard,Bajomulyo
31,Ladonna,Renihan,26,visa,Rybnoye
32,Shantee,Crosdill,27,mastercard,Shawnee Mission
33,Sheree,Brotheridge,34,mastercard,Kachkanar
34,Ellary,Hatchette,22,visa,Debrecen
35,Carlotta,Copnall,42,mastercard,Huangzhan
36,Alene,Spofford,30,visa,Ferme-Neuve
37,Allianora,McGilben,23,mastercard,Abadou
38,Faunie,Antognozzii,35,visa,Tadmur
39,Claudetta,Screech,21,visa,Dadamtu
40,Drud,Jaulmes,55,mastercard,Khantaghy
41,Stormy,Patry,36,visa,Dolores
42,Rici,Duffrie,47,visa,Colombia
43,Tracy,Mascall,36,visa,Xiachengzi
44,Michelle,Lintall,50,mastercard,Banos
45,Finley,Abba,37,mastercard,Sanbaishan
46,Meryl,Terrey,48,visa,Sakrand
47,Ram,Charer,37,visa,La Tinguiña
48,Denna,Gartshore,33,mastercard,Chumpi
49,Gabie,Sebring,48,mastercard,Granja
50,Celine,Branno,44,mastercard,Talanga
51,Martin,Dreakin,21,visa,Bajiao
52,Allegra,McCloch,40,visa,Hiji
53,Fonzie,Gristock,23,mastercard,Kumamoto
54,Rubie,Jarrett,55,visa,Duba-Yurt
55,Ainslie,Fabbro,29,mastercard,Xinli
56,Meade,Meeson,30,visa,Hepo
57,Hakim,Dabourne,33,mastercard,Novogireyevo
58,Gusti,Wegener,33,visa,Kiboga
59,Danya,Tabourel,29,visa,Dodoma
60,Donella,Van Vuuren,43,mastercard,Lucban
61,Bobbee,Rillstone,48,mastercard,Lagodekhi
62,Riobard,Ceely,25,visa,Härnösand
63,Lowrance,Mucklo,20,mastercard,Cabaritan East
64,Julietta,Bendon,46,mastercard,Sel’tso
65,Gareth,Geerdts,23,visa,Katori-shi
66,Lorin,Mitchener,35,visa,António Enes
67,Tommi,Josephoff,20,visa,Trpinja
68,Ronnie,Tillot,31,visa,Rumburk
69,Cleavland,Van Der Walt,51,mastercard,Sirnasari
70,Cyndie,Tomich,34,visa,El Pao
71,Mariel,Peachment,39,mastercard,Youlongchuan
72,Riva,Ishak,34,mastercard,Hongping
73,Row,Schwandner,49,mastercard,Tangga’an
74,Conrado,MacNeish,53,visa,Hutou
75,Dianemarie,Soppett,38,mastercard,Sujiatuo
76,Sergei,Corss,55,mastercard,Hrastnik
77,Callean,Stollen,52,visa,Zaranj
78,Annelise,Wilbore,42,mastercard,Zhashkiv
79,Granville,Tear,37,mastercard,Pecatu
80,Patrica,Searle,47,visa,Hernández
81,Maridel,Eldrett,35,mastercard,Donnycarney
82,Kristan,Kinnie,40,visa,Phanna Nikhom
83,Nealon,Wisniowski,20,mastercard,Sidoger Lebak
84,Quincey,De Benedetti,46,visa,Banyubang
85,Erina,Pavinese,51,mastercard,Bijeli
86,Fleur,Elcum,40,mastercard,Tongqian
87,Rochella,Brew,25,visa,Igreja
88,Jessy,Knagges,25,mastercard,Curahpacul Satu
89,Kippar,Mottinelli,55,visa,Lancai
90,Benny,Backhurst,43,mastercard,Nong Bua Lamphu
91,Aleta,Hayworth,51,visa,Zhuangbian
92,Johnathon,Hickisson,39,visa,Isnā
93,Hobie,Vaughan,31,visa,Pacet
94,Elora,Besson,51,mastercard,Cibeureum
95,Randy,McGeown,39,mastercard,Daegu
96,Elene,McElvine,39,visa,Novoalekseyevskaya
97,Edyth,Yashnov,44,mastercard,Bowang
98,Sherry,Pizzie,32,mastercard,Sobral da Abelheira
99,Giovanna,McComish,32,mastercard,San Rafael
100,Tiertza,Aslet,46,visa,Kawambwa
101,Law,Gallichiccio,23,visa,Massaguet
102,Gladys,Fieller,45,mastercard,Sosnovka
103,Avie,Kimmings,20,mastercard,Nancheng
104,Giselle,Matous,26,visa,Kemuning
105,Abbe,Paur,30,visa,Stockholm
106,Will,Dalli,25,visa,København
107,Berty,Delepine,34,visa,Arlington
108,Tuckie,Briars,47,visa,Waimangura
109,Marillin,Rosendall,23,visa,Maiwal
110,Timmi,Tripean,46,mastercard,Provatás
111,Kattie,Longman,44,visa,Hongshanzui
112,Jillayne,Zecchinelli,32,mastercard,Wulongshan
113,Standford,Gronno,39,visa,Okulovka
114,Obed,Wedmore,38,visa,Sukumo
115,Stuart,Kewish,26,visa,Shewopo
116,Carla,Lukesch,33,visa,Valence
117,Cloe,de Quesne,51,mastercard,Cikuya
118,Rafaellle,Cuphus,22,visa,Ōmihachiman
119,Christy,Treherne,46,visa,Liuli
120,Sonnnie,Foxhall,50,mastercard,Westport
121,Farlay,Webber,37,mastercard,Jishui
122,Kirstin,Piele,38,mastercard,Khartsyz’k
123,Gillian,Mounsey,50,visa,Bethanie
124,Tarah,Sweeney,32,mastercard,Tubarão
125,Fredra,Mc Grath,26,mastercard,Tegalsari
126,Derron,Fantham,22,mastercard,Chalamarca
127,Ashien,Yurkov,42,visa,Nekla
128,Domingo,Mattocks,38,mastercard,Ochakovo-Matveyevskoye
129,Nester,Toby,44,visa,Havre-Saint-Pierre
130,Stanwood,Hindmoor,38,visa,Dzüyl
131,Diena,Wards,48,mastercard,Utrecht (stad)
132,Catriona,Turpie,44,mastercard,Tor
133,Shirleen,Pepall,49,visa,Prokhladnyy
134,Louisa,Bourne,55,mastercard,Kérkyra
135,Bailie,Rosson,29,mastercard,Rijeka
136,Ax,Normanville,28,visa,Malartic
137,Marilyn,Ickovic,34,visa,Bubanza
138,Meaghan,Cuchey,36,mastercard,Onueke
139,Hortense,Duker,21,visa,Belize City
140,Marja,Skiggs,23,visa,Ratchasan
141,Fernando,Cregan,42,visa,Bouarouss
142,Saraann,Rentelll,27,visa,Unaizah
143,Gregg,Bullerwell,37,mastercard,Gaopi
144,Roseanna,Beevens,24,visa,Bailizhou
145,Danika,Medina,20,visa,Oguta
146,Irena,Fackrell,51,mastercard,Alvarães
147,Michele,Haszard,55,mastercard,Linköping
148,Kylie,Hovie,47,mastercard,Bern
149,Adora,Wybern,52,visa,Hậu Nghĩa
150,Odey,Silverstone,47,visa,Purabaya
151,Erminia,Haslegrave,53,visa,Nifuboko
152,Ravid,O'Dyvoie,30,mastercard,Las Lomas
153,Arleyne,Jesper,37,mastercard,Maranganí
154,Denna,Sessions,44,visa,Xihuachi
155,Valle,Geroldini,43,visa,Zhoupi
156,Petr,Crowest,23,visa,Kozje
157,Pippy,Prior,37,mastercard,Longvic
158,Karoly,Norrington,47,visa,Kamieniec Podolski
159,Katrina,Abyss,46,mastercard,Tegaldowo
160,Cosme,Birrell,38,visa,Lacroix-Saint-Ouen
161,Laney,Lapenna,38,mastercard,Kunmi Erdi
162,Skyler,Brachell,49,mastercard,Embalse
163,Dalston,Matthews,44,mastercard,Tacoma
164,Lucienne,Woodroof,32,mastercard,Mymensingh
165,Phillis,Rochford,20,mastercard,Ngluweng Dua
166,Elene,Beckers,28,mastercard,Onguday
167,Adair,Maccrie,30,visa,Mulawato
168,Tracy,Skrines,31,mastercard,Przyborów
169,Willow,Penney,42,visa,Hagfors
170,Brewster,Caulton,37,mastercard,Abang
171,Crystal,Hyrons,40,visa,Pursat
172,Arlie,Aughtie,38,mastercard,Satis
173,Rebe,Rayson,35,mastercard,Aravissós
174,Fenelia,Pachmann,24,mastercard,Pasadena
175,Sammie,Fassam,46,visa,Lukolela
176,Maryjane,Brockhouse,30,mastercard,Dan Khun Thot
177,Jaquith,Tippell,54,mastercard,Kasli
178,Katalin,Trouel,35,mastercard,El Aïoun
179,Damiano,Millins,23,visa,Šabac
180,Gayel,Bonefant,41,visa,Svalyava
181,Tony,Deighan,47,mastercard,El Rosario
182,Betsy,Emeline,46,mastercard,Niimi
183,Fraze,Brantzen,49,visa,Bella Vista
184,Maud,Baish,44,mastercard,Tenggong
185,Elana,Marques,22,mastercard,Jiantianjie
186,Kerri,Geddes,36,mastercard,Jabinyānah
187,Gabriello,Chiplin,48,visa,Şirvan
188,Cully,Sponer,34,visa,Janaka
189,Lorianne,Rolance,55,mastercard,Příbram
190,Lavinie,Lukianovich,30,mastercard,Olivia
191,Fields,Haggie,30,mastercard,Rodotópi
192,Kelley,Kynge,25,mastercard,Pengilon
193,Pattie,Yurlov,55,visa,Lanchyn
194,Lesley,Guichard,52,visa,Lagdo
195,Valerye,Grosvener,49,visa,La Victoria
196,Lief,Tidcombe,30,visa,Honglin
197,Jodee,Marages,28,visa,Knivsta
198,Mitch,Braunthal,30,visa,Tovačov
199,Kipper,Jaquiss,53,visa,Davyd-Haradok
200,Lock,O'Nowlan,49,visa,Pervomayskaya
201,Montgomery,Naden,35,mastercard,Gafsa
202,Felix,Gonnely,24,visa,Fīrūzābād
203,Reuven,Patemore,43,mastercard,Laval
204,Flor,Basham,20,mastercard,Jalalaqsi
205,Oberon,Gregore,49,visa,Morje
206,Townsend,Gledstane,23,visa,Aix-en-Provence
207,Kelli,Taffee,34,visa,Bagumbayan
208,Lazarus,Hudspeth,43,mastercard,Garmo
209,Riobard,Jakab,35,visa,Potiskum
210,Luis,Nevin,55,mastercard,Vale Mourão
211,Velvet,Conichie,49,mastercard,Sepīdān
212,Millisent,Ilett,55,visa,Umbanyar
213,Phebe,Senyard,24,mastercard,Marang
214,Avery,Krystof,33,mastercard,Stratónion
215,Alphard,Dungay,26,visa,Carriedo
216,Hilda,O'Halloran,35,mastercard,Oslo
217,Ara,Beardmore,21,mastercard,Guaçuí
218,Iormina,Nelius,39,mastercard,Xiaojiezi
219,Morten,Waggett,42,visa,Wendo
220,Marion,Eneas,55,mastercard,Opočno
221,Livvyy,Jaher,36,mastercard,Yongdeng Chengguanzhen
222,Annabela,Crossgrove,47,mastercard,Telsiai
223,Sly,Lamplugh,36,mastercard,Palguyod
224,Burlie,Evreux,52,mastercard,Abaeté
225,Kania,Ebsworth,47,visa,Balidian
226,Ly,Rowley,35,visa,Jardim
227,Jolie,Edgington,33,visa,Kuangyuan
228,Aggi,O'Hanley,36,mastercard,Grande Cache
229,Montague,Kilcoyne,21,visa,Kidodi
230,Archie,Pic,33,visa,Jianshe
231,Roddie,Rottgers,41,visa,Sabang
232,Maryanna,Mc Carrick,21,mastercard,Dagua
233,Inna,Kernell,41,mastercard,Kuala Lumpur
234,Clevie,Huniwall,40,mastercard,Rancabugel
235,Melony,Shurey,33,visa,Paranaíba
236,Marcello,Speerman,47,mastercard,Songgang-dong
237,Deb,Dybald,30,mastercard,Svislach
238,Missy,Stockau,36,mastercard,Meylan
239,Mikael,Blore,42,mastercard,Lasi Dua
240,Free,Jacobsohn,20,mastercard,Little Rock
241,Hort,Snawdon,25,mastercard,Liantan
242,Benoite,Romei,52,mastercard,Chilliwack
243,Kristian,Rakestraw,42,visa,Jiangkou
244,Nichol,Guppy,25,mastercard,Chemerivtsi
245,Shay,Pozzo,32,mastercard,Franco da Rocha
246,Claresta,Petrussi,40,mastercard,Sanxi
247,Glynn,Lowndsborough,24,mastercard,Oranjestad
248,Lorne,Roselli,42,visa,Cochrane
249,Charmain,Mieville,39,mastercard,Matlang
250,Rochelle,Meigh,36,mastercard,Esquina
251,Janeva,Godwin,53,mastercard,Novosineglazovskiy
252,Trude,Hoy,31,mastercard,Wangjiaping
253,Monte,Elsby,51,mastercard,Cigebrok
254,Charmaine,Eastman,31,visa,Jidong
255,Egon,Thresh,55,visa,Jubaoshan
256,Junia,Jozef,32,mastercard,Chebba
257,Durand,Latore,28,visa,Hikone
258,Maible,Hurdle,49,mastercard,Sezemice
259,Tristam,Carlens,40,mastercard,Las Americas
260,Mandie,Hyett,50,mastercard,Manuel Roxas
261,Noach,Rodenborch,35,mastercard,Solna
262,Wyatt,Luggar,28,visa,Waiwukak
263,Carla,Noor,26,mastercard,San Lorenzo
264,Sher,Ciobutaro,30,visa,Penha
265,Willie,Cannop,36,visa,Dukuh Kaler
266,Willy,Wellbeloved,26,visa,Smederevska Palanka
267,Ealasaid,Hudleston,27,visa,Petaẖ Tiqwa
268,Karine,Studde,46,visa,Cortes
269,Silvanus,Swallow,32,mastercard,Szeged
270,Mil,Stitt,33,mastercard,Xiabaishi
271,Gloriane,Rennles,47,mastercard,Três Coroas
272,Maura,Emanuel,37,mastercard,Morris
273,Olga,Peacocke,29,mastercard,Sarkand
274,Verene,Bourthouloume,34,mastercard,Chengjiang
275,Waverly,Prandini,21,visa,Wanbu
276,Benedikta,Iacovone,55,mastercard,Yejia
277,Joice,Binch,52,mastercard,Sandvika
278,Roxi,Rizzini,47,mastercard,Káto Glikóvrisi
279,Lorettalorna,Ferrettini,21,visa,Khilok
280,Emera,Betser,55,mastercard,Xekar
281,Zara,Chomiszewski,30,visa,Orimattila
282,Mart,Duffitt,49,mastercard,Marseille
283,Jamil,Eyden,54,mastercard,Tangwang
284,Alonzo,Blaes,46,visa,Racławice
285,Paulina,Batrim,33,visa,Batelov
286,Farley,Dumingo,50,visa,Heling
287,Almeta,Kenna,51,mastercard,Carleton-sur-Mer
288,Simonette,Caunce,29,mastercard,Hongyan
289,Aloin,Kibby,25,visa,Bełżyce
290,Job,MacAiline,28,mastercard,Huoshaoping
291,Ximenes,Spurgeon,31,mastercard,Tetebatu
292,Vachel,Kivlin,49,visa,Chimanimani
293,Federica,Jeffries,37,visa,Sandy Bay
294,Iago,Croci,42,visa,Madrid
295,Way,Aizikowitz,48,mastercard,Nirji
296,Gabrila,Fleming,33,mastercard,Mengeš
297,Allyn,Gillebert,50,mastercard,Muramatsu
298,Gaultiero,MacNally,45,visa,Marumori
299,Maiga,De Vuyst,24,mastercard,Tabia
300,Nita,Muggleton,26,mastercard,Simpang Ulim
301,Spenser,Gillhespy,39,mastercard,Soukkouma
302,Sharleen,Renwick,50,visa,San Carlos
303,Andra,Friedenbach,28,mastercard,Wilfrido Loor Moreira
304,Siouxie,Jouhning,30,visa,Szeged
305,Angele,Qualtro,31,visa,Almafuerte
306,Johnath,Standingford,24,mastercard,Wāling
307,Merla,Cicculini,23,visa,Parion
308,Rory,Kirke,55,mastercard,Fenchen
309,Marline,Chomley,38,mastercard,Chacarita
310,Abramo,McKilroe,49,visa,Gudermes
311,Ernesta,Schout,51,visa,Daejeon
312,Rubin,Carville,55,mastercard,Vuka
313,Crichton,Pearsall,49,mastercard,Hongping
314,Rubetta,Poupard,40,mastercard,Shiroi
315,Venita,Fairall,42,mastercard,Messina
316,Padraic,Blues,47,mastercard,Bồng Sơn
317,Garland,Fewkes,52,visa,Walichnowy
318,Silvie,Rittelmeyer,52,visa,Ciherang
319,Shara,Tolhurst,31,visa,Jawf al Maqbābah
320,Dulcinea,Wybrew,48,visa,Kadusirung Hilir
321,Ernst,Lewer,35,visa,København
322,Chastity,Rolfe,50,mastercard,Soio
323,Ali,De Castri,24,mastercard,Derventa
324,Willamina,Scarlet,29,visa,København
325,Wynn,Matushevich,29,visa,Las Lomas
326,Gracia,Corben,45,mastercard,Tawangsari
327,Valera,Burry,35,visa,Concordia
328,Hasheem,Petricek,24,mastercard,Gubskaya
329,Sandi,Yurchishin,26,visa,Ḩuraytān
330,Jarrod,Jurczyk,31,mastercard,Gręboszów
331,Irita,Manners,45,mastercard,Kuncen
332,Leontine,Ogbourne,20,mastercard,El Cairo
333,Fernanda,Blowen,52,mastercard,Villa Nueva
334,Trudey,Balogun,32,visa,Catende
335,Irene,Rozea,20,visa,Pundong
336,Sebastiano,O'Looney,20,visa,Toutai
337,Granville,Attenburrow,41,mastercard,Las Mesas
338,Philippe,Trye,31,mastercard,Boa Vista
339,Mikel,Edwardson,46,mastercard,Sharm el-Sheikh
340,Pennie,Duffrie,49,visa,Daugai
341,Kimball,Boorn,46,mastercard,Pora
342,Shelley,Bonaire,54,visa,Dodola
343,Mollee,Cotterrill,48,mastercard,Wenlin
344,Leonelle,Eberst,20,visa,Lianhe
345,Cicely,Greim,48,mastercard,La Mesa
346,Melinde,Orys,42,mastercard,Shuangjiang
347,Solly,Swarbrigg,54,mastercard,Pylaía
348,Brandais,Geary,37,mastercard,Hengdian
349,Donovan,Comelli,42,visa,Kayunga
350,Axel,Camocke,50,visa,Madette
351,Cicely,Skelhorne,21,mastercard,Dongjia
352,Allistir,Leftwich,36,visa,Sadabumi
353,Freddy,Harriagn,27,visa,Belfast
354,Emelita,Raiker,53,visa,Gunungkencana
355,Carmel,Howcroft,55,mastercard,Hejiaping
356,Carrol,Buckenhill,20,mastercard,Qinxi
357,Faydra,Bucktharp,54,mastercard,Grenoble
358,Byran,Rudwell,54,mastercard,Shitouhe
359,Peyton,Luard,49,mastercard,Negla
360,Maxine,Elleton,28,visa,Bhairab Bāzār
361,Brittani,Crain,20,mastercard,Mudon
362,Innis,Andree,47,visa,Itagüí
363,Nettle,Nutbean,50,visa,Rochester
364,Reggie,Tomadoni,54,visa,Agogo
365,Star,Dunwoody,37,visa,Vysokovsk
366,Katie,Farrand,39,mastercard,Altares
367,Carney,Lavens,44,mastercard,Inya
368,Eberto,Wallbanks,34,mastercard,Lipnik
369,Maddi,Braid,25,visa,Simpang
370,Helen,Beaconsall,24,mastercard,Divača
371,Jakie,Kubicki,39,mastercard,Coroatá
372,Maurizia,Bowe,49,mastercard,Pangkalan
373,Ned,Phelit,36,visa,Ashiya
374,Drusilla,Cockram,54,mastercard,Tawau
375,Leelah,Pattinson,43,visa,Lākshām
376,Kliment,Aubrun,39,mastercard,Mwense
377,Rosaleen,Mowling,53,mastercard,Sukojember
378,Corilla,Pattingson,37,mastercard,Debrzno
379,Mara,Bines,37,mastercard,Bieligutai
380,Rem,Robet,30,visa,Choya
381,Shandeigh,Tremonte,25,mastercard,Krasnyye Chetai
382,Nikolaus,Morford,42,mastercard,Novo Aripuanã
383,Ford,Clericoates,37,mastercard,Tegalsari
384,Corney,Grieves,33,visa,Nanxindian
385,Willamina,Blumire,42,visa,Thị Trấn Quảng Uyên
386,Eric,Swanborough,37,mastercard,Mascote
387,Francisca,Atterley,48,visa,Reshetikha
388,Theadora,Futty,52,visa,Sunzhuang
389,Arleen,Tethcote,27,visa,Santa Paz
390,Guillema,Benger,53,visa,Skogås
391,Arvie,Bushell,50,visa,Ngorongoro
392,Tessa,Coad,31,visa,Tmourghout
393,Issiah,Manoch,30,mastercard,Färgelanda
394,Violetta,Antczak,25,visa,Murygino
395,Pyotr,Skitral,24,mastercard,Benniu
396,Nikolos,Rillstone,29,mastercard,Estelí
397,Araldo,Timcke,30,mastercard,Paico
398,Jackie,Malcolmson,29,mastercard,Tampakan
399,Giffy,Corless,32,visa,Stockholm
400,Mag,Stonebridge,40,visa,Jimo
401,Sibel,Galier,51,visa,Meia Via
402,Burlie,Lamberto,25,visa,Dongdu
403,Tibold,Korneichuk,31,visa,Peabiru
404,Loy,Vinton,47,mastercard,Al Qamşīyah
405,Layne,Drewett,44,mastercard,Néa Ankhíalos
406,Kandy,Aveson,31,visa,Tebingtinggi
407,Nanine,Bangs,51,mastercard,Jinan-gun
408,Waverly,Fredy,40,mastercard,Cassanayan
409,Lauren,Kerkham,55,visa,Moroto
410,Franchot,Garwood,39,mastercard,Wanareja
411,Eward,Jolliffe,52,visa,Dragomer
412,Retha,Attryde,52,visa,Montélimar
413,Genvieve,Ivanchenkov,50,mastercard,Xiaojinkou
414,Angeline,Carmo,45,mastercard,Wako
415,Aleksandr,Laban,24,mastercard,Xihe
416,Emlyn,Langelaan,23,mastercard,Tianhu
417,Tonya,Yesichev,42,visa,Nice
418,Evin,Shorto,43,mastercard,Riangbaring
419,Jackqueline,Allard,55,visa,Gubo
420,Ly,Cornforth,53,visa,Weiting
421,Colver,Phillins,20,mastercard,Manta
422,Libbi,Dawidowicz,33,visa,Shurugwi
423,Ferne,Beattie,42,mastercard,Singgugu
424,Osbourne,Jeske,48,mastercard,Orodo
425,Lionello,Willavoys,44,mastercard,Angoulême
426,Maribelle,Guiso,43,visa,Chmielno
427,Desi,Fetherston,53,visa,Cayna
428,Marja,Troak,32,mastercard,Abaza
429,Emeline,Steed,46,visa,Licupis
430,Quint,O'Hannay,46,visa,Pinglin
431,Johnette,Jacquest,42,visa,Gumawang
432,Whitman,Corkell,40,mastercard,Al Ḩarajah
433,Corbet,Rispine,36,mastercard,Pamotan
434,Ambur,Purdey,22,mastercard,Mekarjaya Satu
435,Peria,Stroulger,46,mastercard,Samran
436,Hesther,Vaudin,52,visa,Montgomery
437,Jamie,Hammett,43,mastercard,Gião
438,Maddie,Kirckman,52,visa,Viana
439,Weylin,Fleote,50,mastercard,Purísima
440,Leone,Craddock,29,visa,Fray Bentos
441,Natalya,Klein,40,visa,Antwerpen
442,Aubrie,Tomkowicz,46,visa,Lingquan
443,Pierrette,Measures,36,visa,Mollebamba
444,Robb,D'Costa,28,mastercard,Compiègne
445,Eldredge,Wilsher,27,visa,Khon San
446,Clotilda,Bambrugh,51,visa,Jinrui
447,Brand,Almey,28,visa,Lyubech
448,Artair,Dominik,55,mastercard,Chengbei
449,Ola,Shenley,26,visa,Alcácer do Sal
450,Arlyne,Hallard,54,mastercard,Marataizes
451,Elton,Ginnally,49,mastercard,Dzyatlava
452,Wynnie,McIlveen,35,visa,Shanglian
453,Morgan,Halesworth,42,visa,Tomar
454,Orson,Dunniom,43,visa,Jarinu
455,Tam,Gallihaulk,42,mastercard,Ila Orangun
456,Roseline,Oxbe,26,visa,Kvasice
457,Lisle,Coney,30,visa,Malita
458,Demetris,Brothers,34,mastercard,Québec
459,Tonie,Champkins,52,visa,Tunasbaru
460,Suki,Burnell,21,mastercard,Jinhua
461,Davita,Daws,42,mastercard,Tahoua
462,Raquel,Jakoviljevic,37,mastercard,Świeradów-Zdrój
463,Brion,Bradder,29,mastercard,Sukakarya
464,Kaine,Dudny,49,mastercard,Hengliang
465,Gran,Edler,34,visa,Asempapak
466,Sibyl,Odlin,25,visa,Savannah
467,Alfons,Castellet,25,visa,Kraslice
468,Anatollo,Zorro,22,visa,Shuangshi
469,Drusi,Sweedy,27,visa,Paranapanema
470,Rochette,Eccleston,34,visa,Adamantina
471,Ruthi,Blacklidge,21,mastercard,Kandava
472,Dunstan,Broek,46,visa,Dongxi
473,Ellette,Summergill,55,visa,Markovo
474,Priscella,Peeter,55,visa,New Panamao
475,Engracia,O'Calleran,20,visa,Nikol’sk
476,Bail,Beetham,26,visa,Gaoping
477,Rocky,O'Carroll,27,mastercard,Nynäshamn
478,Chantalle,Swidenbank,25,mastercard,Vřesina
479,Raleigh,Moyer,29,visa,Longtang
480,Winona,Vanyutin,55,visa,Aksu
481,Augustina,Gricewood,34,visa,Ballinroad
482,Betta,Kix,38,visa,Chojata
483,Milton,McIlwreath,25,visa,Zainsk
484,Arabella,Collidge,33,mastercard,Haljala
485,Joby,Leebeter,26,visa,Chesma
486,Coraline,Ewence,50,visa,Thun
487,Orlan,Gascar,35,visa,Napnapan
488,Webster,Hague,34,visa,Olinda
489,Faunie,Chesman,41,visa,Hayes
490,Walden,Smorthit,25,visa,Gilowice
491,Balduin,Isakson,23,mastercard,Belyayevka
492,Valenka,Shakspeare,37,visa,Aki
493,Ferdy,Meece,42,mastercard,Badāmā
494,Berthe,Stanman,20,visa,Dasiping
495,Bert,Ablett,43,mastercard,Thị Trấn Văn Quan
496,Darbee,Brainsby,35,visa,Helang
497,Sonia,Weatherdon,28,visa,Tartu
498,Patton,Shurlock,49,mastercard,Željezno Polje
499,Marcelo,Coursor,34,visa,Getulio
500,Davy,Loins,25,visa,Yuyao
501,Anneliese,Coleiro,36,mastercard,Sobreiro
502,Abbey,Ewer,38,visa,Sanlanbahai
503,Adlai,Romeril,24,visa,Ubajami
504,Fidole,Duigenan,32,visa,Kristiansund N
505,Abbi,Brew,53,visa,Longquan
506,Isidoro,Lutman,25,visa,Lille
507,Katine,Weldrake,21,visa,Takaishi
508,Esmaria,Hizir,31,visa,Mirsk
509,Norbie,Cordeiro,33,mastercard,Verkhnya Rozhanka
510,Gottfried,Fullstone,33,visa,Yoshkar-Ola
511,Cherry,Burriss,31,mastercard,Yixi
512,Jonell,Cardow,26,mastercard,Oslo
513,Pat,Allsobrook,37,visa,Al Wajh
514,Umeko,Zarfai,41,visa,'s-Hertogenbosch
515,Berti,Eastup,51,mastercard,Veruela
516,Rana,Dominighi,32,mastercard,Salem
517,Leilah,Wethey,23,mastercard,Tawau
518,Sebastiano,Glassup,31,mastercard,Massy
519,Fulton,Starmont,44,mastercard,Baluk
520,Nadeen,Kohring,22,visa,Benito Juarez
521,Jeremy,Rumsey,53,visa,Shun’ga
522,Xena,Bolam,49,mastercard,Lolodorf
523,Ulrika,Longrigg,23,visa,Szczawno-Zdrój
524,Tyson,Pherps,47,visa,Kugesi
525,Estella,Mahoney,23,mastercard,Bech
526,Casey,Nannoni,28,mastercard,Tugulym
527,Ingrim,Heinish,23,mastercard,Jōetsu
528,Bambie,Vannah,42,mastercard,Muli
529,Cynthea,Blacksell,45,mastercard,Tirat Karmel
530,Maximilian,Mogford,27,visa,Jawhar
531,Immanuel,Courtonne,28,visa,Jiandou
532,Andreas,Seago,38,visa,Banqiao
533,Irina,Inns,37,visa,Tanamiting
534,Bernadene,Trayton,43,visa,Ińsko
535,Leanor,Ruler,49,mastercard,Delod Pangkung
536,Amil,Chapier,20,mastercard,Puan Selatan
537,Ruddy,Donaldson,20,mastercard,Shangqing
538,Joanie,Hawkins,27,mastercard,Junbu
539,Indira,Imlacke,32,mastercard,Chichinales
540,Halie,Ezele,31,mastercard,‘Arab ar Rashāydah
541,Missie,Crace,21,mastercard,Caucaguita
542,Maxi,Lankham,31,mastercard,Gaoyu
543,Crin,Klaessen,24,visa,Lokoja
544,Jessalyn,Breznovic,33,visa,Daxing
545,Currey,Boolsen,49,mastercard,Boluo
546,Case,Lakin,52,visa,Karangcombong
547,Averil,Oxby,37,mastercard,Lucun
548,Garrard,Dilland,48,mastercard,Nässjö
549,Elijah,Caselli,27,mastercard,Acaraú
550,Flor,Gilliat,43,visa,Cianorte
551,Bridgette,Vargas,44,visa,Posse
552,Minni,Carrabott,53,visa,Tian’an
553,Odo,Parkes,55,visa,Siemiatycze
554,Emerson,Vidgen,29,visa,Longwy
555,Leone,Frenzl,48,mastercard,Nanjie
556,Derril,Edgell,54,mastercard,Yumbel
557,Janetta,Weedon,32,visa,Krásná Lípa
558,Linnell,Bragge,35,visa,Xixiang
559,Raoul,Lanfere,27,mastercard,Dili
560,Edlin,Bullcock,34,visa,Yijiang
561,Arturo,Perin,41,mastercard,Batken
562,Kimbra,Egle,40,mastercard,Banjar Pangkungtibah Selatan
563,Ariana,Whitnell,27,visa,Rifeng
564,Tadio,Bewfield,40,visa,Cihaur
565,Barthel,Gravenell,21,visa,Kaliasin
566,Audie,Fletcher,23,visa,Nianpan
567,Illa,Walworth,36,visa,Cabannungan Second
568,Raddy,Trundell,42,visa,Samdo
569,Lek,Rait,47,mastercard,Vila Velha de Ródão
570,Ira,Spellard,48,mastercard,Shah Alam
571,Stacee,L' Estrange,26,mastercard,Tambo
572,Hillel,Goldhawk,27,visa,Iyo
573,Glori,Silman,41,visa,Waitangi
574,Emmey,Lamswood,22,mastercard,Tirat Karmel
575,Norton,Streetley,32,visa,Přimda
576,Weylin,Robart,22,visa,Shīeli
577,Gilberta,Barracks,27,mastercard,Węgliniec
578,Woodman,Grima,36,visa,Kobuleti
579,Nicola,Mardoll,33,mastercard,Kanungu
580,Vonny,Shilburne,32,visa,Avelinha
581,Amabel,De Biasi,27,mastercard,Krzczonów
582,Valdemar,Hubball,46,visa,Bálsamo Oriental
583,Nessy,Bratt,22,mastercard,Paltashaco
584,Hewie,Gisbey,37,visa,Miao’ergou
585,Gunter,Woolvin,44,mastercard,Göteborg
586,Bobinette,Finlay,39,mastercard,Diamantina
587,Chalmers,Mundee,34,visa,Ad Dujayl
588,Hyatt,Rapo,41,visa,Xinji
589,Herve,Spillman,30,mastercard,Qiping
590,Shela,Boland,39,mastercard,Ust-Kamenogorsk
591,Casandra,Plaskett,25,visa,Yanguan
592,Mechelle,Vooght,32,visa,Kostarea Satu
593,Eilis,Dinneges,45,mastercard,Rizokárpaso
594,Amandy,Beardsell,45,visa,Chenjiatan
595,Dalton,Bringloe,36,mastercard,Maputsoe
596,Cathe,Ubanks,38,visa,Vyshhorod
597,Alexis,McAllaster,25,mastercard,Mahekou
598,June,Hebner,42,mastercard,Dongyangzhen
599,Alfreda,Benardette,42,visa,Qom
600,Louisette,Yanshin,40,visa,Cẩm Phả
601,Dorelle,Lincoln,28,visa,Jiading
602,Maximilianus,Otley,43,visa,Xingfeng
603,Lockwood,Bouts,26,visa,Luoxi
604,Ado,Dearth,21,mastercard,San Jose
605,Maiga,Prettyjohn,47,visa,Mora
606,Cory,Lathbury,50,mastercard,Margahayu
607,Arlinda,McCurdy,34,visa,Belém
608,Ozzy,Blight,32,mastercard,Huaquillas
609,Brandtr,Mourgue,38,mastercard,Beixinjie
610,Bartel,Twitty,26,visa,Bima
611,Rivy,Offield,31,visa,Bukama
612,Fancy,Jervois,33,mastercard,Igarapava
613,Antonia,Webberley,52,visa,Xuguang
614,Krissy,Azema,32,visa,Lunsar
615,Rutledge,Tabourin,50,visa,Jingjiang
616,Iseabal,Machen,22,mastercard,Agrínio
617,Darla,Crasford,34,visa,Maurisu
618,Carlie,Moreside,51,mastercard,Czarna Dąbrówka
619,Heath,Lodder,22,mastercard,Xianyan
620,Ashli,Frossell,42,visa,Boyle
621,Vittorio,Looby,37,visa,Shitong
622,Tammy,Awmack,28,mastercard,Tokorozawa
623,Coleen,Burgiss,21,visa,Ankazoabo
624,Zola,Gopsill,55,visa,Tasböget
625,Janet,Prose,36,mastercard,Frederiksberg
626,Gabbey,Antonazzi,26,visa,‘Ayn al ‘Arab
627,Teddy,Sparhawk,54,mastercard,Taohua
628,Tedda,Ruvel,27,mastercard,Suwon-si
629,Julian,Masterman,29,visa,Wuli
630,Sashenka,Gabbett,40,mastercard,Serang
631,Shea,Ivashkov,36,visa,Sulak
632,Mill,Hearty,30,visa,Färjestaden
633,Tonie,Crownshaw,55,mastercard,Beloha
634,Worth,Erwin,49,mastercard,San Antonio Oeste
635,Bellanca,Ovendon,28,mastercard,Racine
636,Sascha,Nother,48,mastercard,Zhetang
637,Dominique,Prudence,49,mastercard,Ardirejo
638,Lexis,Eouzan,33,mastercard,Miami
639,Johnathon,Asman,28,mastercard,Hongshanyao
640,Bibby,Zaple,32,mastercard,Mino
641,Patrizio,Harman,48,mastercard,Boljoon
642,Lianna,Stronghill,47,visa,South Tangerang
643,Jonathan,Wegner,47,mastercard,Muaralembu
644,Bride,Kermitt,55,visa,Maochen
645,Ives,Maddrah,43,mastercard,Évry
646,Nerita,Bradbrook,22,mastercard,Jiblah
647,Jules,Amort,51,mastercard,Pionerskiy
648,Dimitry,Toma,27,visa,Isehara
649,Marrilee,Burnes,51,visa,Davydovo
650,Spike,Sewall,20,mastercard,Choisy-le-Roi
651,Issy,Bunton,24,mastercard,Tsybli
652,Benedicto,Banbridge,25,visa,Inozemtsevo
653,Georgiana,Kenset,31,mastercard,Suren
654,Rebekkah,Pariss,42,visa,Ganquan
655,Andy,Carberry,54,mastercard,Lanipao
656,Jessy,Domm,45,mastercard,Burhānuddin
657,Roze,Circuit,21,visa,Bangangté
658,Falkner,Reely,32,mastercard,Oksa
659,Kristien,Trengove,47,visa,Limín Khersonísou
660,Dinah,Sprigin,54,visa,Craigavon
661,Cozmo,Bull,36,mastercard,Arauco
662,Ferdinande,Lonie,47,visa,Jalanbaru
663,Claudian,Shallcross,38,mastercard,Zhangzhen
664,Amelina,Nassey,48,visa,Dasha
665,Datha,Ewing,52,visa,Kislovodsk
666,Baxy,Renshaw,26,mastercard,Tabalosos
667,Marya,Crosskill,38,visa,Dayr Dibwān
668,Elysee,Boyack,33,visa,Qiubin
669,Michail,Odams,50,visa,Palecenan
670,Deloria,Hentze,44,visa,Extremoz
671,Constantin,Endle,20,visa,Kasreman Wetan
672,Roseann,Scotland,22,mastercard,Orléans
673,Gertie,Sybry,23,mastercard,Oygon
674,Kelcie,Swiffen,26,mastercard,Los Angeles
675,Lira,Dixie,50,visa,Wonorejo
676,Felicle,Pirot,34,mastercard,Katrineholm
677,Kania,Nunn,29,visa,Shangyanzhuang
678,Linc,MacInnes,24,mastercard,Ḩammām Wāşil
679,Wolfie,Scoffham,50,mastercard,Paghmān
680,Nataline,Kellett,23,mastercard,Antsirabe
681,Consalve,Welbourn,33,visa,Daphu
682,Joella,Van der Brugge,54,mastercard,Jongīyeh
683,Woodrow,Iwaszkiewicz,33,mastercard,Wulin
684,Melania,Durdle,22,visa,Varva
685,Babbie,Shawdforth,31,mastercard,Balaklava
686,Sanson,Fullager,46,mastercard,Madrid
687,John,Sunner,26,visa,Murfreesboro
688,Kahlil,Sarjent,32,mastercard,Bromma
689,Brenden,Soughton,44,mastercard,Huaping
690,Camey,Durdle,50,visa,Qingchuan
691,Charlton,Harrell,52,visa,Kradinan
692,Abelard,Falconbridge,31,mastercard,Changcun
693,Elisha,Fardy,35,visa,Banzhong
694,Berny,Bonifas,43,mastercard,Tumcon Ilawod
695,Gabie,Shenfish,32,visa,Laguna
696,Booth,Jeger,24,mastercard,Ta`ū
697,Jessey,Bonick,33,visa,Cloyne
698,Kristel,Laurencot,52,mastercard,San Juan de Planes
699,Charlene,Sturdgess,45,visa,Añatuya
700,Dori,Proback,26,visa,Igarapé
701,Fax,Van Weedenburg,28,mastercard,Ban Fang
702,Menard,Morilla,45,visa,Tabaquite
703,Rob,Alejandre,40,visa,Jiatou
704,Randall,Sinderland,23,visa,Tumba
705,Frans,Nealey,40,visa,Vila Franca
706,Sharl,Stokell,51,visa,Pando
707,Stacey,Geistmann,33,mastercard,Árgos
708,Hedvig,Feldhuhn,27,visa,Živinice
709,Artus,Gaze,51,visa,Borūjen
710,Joly,Yesenev,36,visa,Armenia
711,Ingeborg,Thain,43,visa,Lopez Jaena
712,Quentin,Gyles,41,mastercard,Tanjung
713,Robbert,Jervois,49,visa,Harrismith
714,Rustin,Prise,41,visa,Afikpo
715,Jeanette,Aggiss,26,visa,Kumba
716,Jacklin,Papaccio,45,mastercard,Niort
717,Cross,Lumbley,40,visa,Shuanggang
718,Arabel,Willows,26,mastercard,Palmito
719,Selena,Treweek,27,visa,Pergamos
720,Kennett,Goldster,35,visa,Ash Shuyūkh
721,Eduardo,Matzeitis,49,mastercard,Dadiya
722,Lucien,Gaynesford,47,visa,Argalastí
723,Nevsa,Duester,43,visa,Dobrovo
724,Lacey,O'Farrell,47,visa,Karangsari
725,Shay,Janicki,23,visa,Aroeira
726,Kevan,Lannin,25,visa,Babakantugu
727,Rick,Lohde,53,mastercard,Kuczbork-Osada
728,Brien,Braddick,38,visa,Huamachuco
729,Orion,Curness,32,visa,Kampunglistrik
730,Justinian,Blewett,51,visa,Cutral-Có
731,Viviene,De Morena,53,visa,Arsenal
732,Elna,Ashbridge,32,mastercard,Huangzhuang
733,Gwenette,Pendrigh,41,mastercard,Niederanven
734,Olag,Crowdace,37,visa,Uto
735,Sylvan,Smiths,27,visa,Zaječov
736,Harry,Nellis,43,visa,Mariatana
737,Herschel,Dat,31,mastercard,Guanchao
738,Simmonds,Kiddie,48,mastercard,Seremban
739,Lyle,Eytel,38,visa,Yantian
740,Clayson,Feaveryear,45,visa,Gongchang Zhen
741,Mamie,Stibbs,45,mastercard,Yushan
742,Nanci,Cherrett,42,mastercard,Oslo
743,Janine,Wordesworth,39,mastercard,Sorodot
744,Francine,Hutley,32,visa,Dunkerque
745,Christopher,Whiskerd,30,visa,Kondangrege
746,Nicol,Birkhead,44,mastercard,Qingshui
747,Loretta,McCutheon,23,mastercard,Pelileo
748,Sybille,Fetteplace,36,mastercard,Venustiano Carranza
749,Kanya,Hutchcraft,38,mastercard,Ar Rudayyif
750,Ulises,Lyfe,52,mastercard,Grande Prairie
751,Nikolos,Siggin,20,mastercard,Minas de Oro
752,Ebonee,Hamlyn,20,visa,Bakung
753,Del,Cutbirth,55,visa,Naas
754,Ynez,Doumerque,49,mastercard,Yuannan
755,Aldric,Ivanikhin,41,mastercard,Nice
756,Karon,Pol,33,visa,Tottori
757,Ella,Gibbe,31,visa,Baguim do Monte
758,Cynthy,Jewers,54,visa,Laval
759,Rene,Deerness,37,mastercard,Xiaojian
760,Bond,Parlet,50,visa,Janaúba
761,Bernelle,Regi,44,mastercard,Urungpigang
762,Ezmeralda,Annes,32,visa,Lañgub
763,Isis,Abbott,45,visa,Mazamet
764,Herb,Drinkale,35,mastercard,Satka
765,Dian,Cours,23,visa,København
766,Violet,Friatt,53,visa,Xujia
767,Burty,Zanetello,35,mastercard,Ariquemes
768,Julianna,Mattedi,25,mastercard,Mandangoa
769,Annetta,Sargerson,40,mastercard,Weru
770,Leanora,Salvati,52,visa,Praia da Vitória
771,Mildrid,Lamcken,33,visa,Sabandia
772,Chet,Gamet,54,mastercard,Cucuyagua
773,Tracy,Bettanay,29,mastercard,Sanyang
774,Fionna,Brandone,45,visa,Lamas
775,Royce,Howes,34,mastercard,Bangued
776,Gayel,Docker,20,visa,Bolilao
777,Fianna,Culham,28,visa,Cimalati
778,Evelyn,Peacey,51,visa,Daxinshao
779,Anette,Urling,43,mastercard,Tomilino
780,Loretta,Schieferstein,31,visa,Taoyuan
781,Bernadene,Weins,40,visa,Sogamoso
782,Cloe,Asple,54,visa,Beiqijia
783,Edna,Buttress,30,visa,Soroti
784,Clemmie,Glandon,22,visa,Mingyuedian
785,Lynnette,Langwade,37,mastercard,Kuantan
786,Ianthe,Argont,34,visa,Guimarei
787,Karoly,De la Yglesia,21,mastercard,Volodars’k-Volyns’kyy
788,Caroline,Duigenan,33,mastercard,Jardoeira
789,Lanny,Bratt,24,visa,Louisville
790,Darnell,Cable,33,mastercard,Créteil
791,Mellisa,Keaves,53,visa,Volgograd
792,Meier,Newns,41,mastercard,Amiens
793,Karissa,Raulston,34,mastercard,Stanišić
794,Pen,Tuttiett,42,mastercard,Sijiqing
795,Lizzie,Kares,46,visa,Lambangan Kulon
796,Norine,Dickins,31,visa,Kangar
797,Talyah,Brigham,35,visa,Berezivka
798,Aubrey,Rubinsaft,30,visa,Karlstad
799,Everard,Cruess,45,visa,Ağdam
800,Siegfried,Pauer,48,mastercard,Zhoutie
801,Reggis,Rhyme,25,visa,Aemura
802,Margarethe,Bainbrigge,27,mastercard,Sebadelhe
803,Tabor,Koschek,37,visa,Liloan
804,Krystal,Carayol,42,visa,Aktau
805,Germaine,Taree,46,visa,Yumbel
806,Allyce,Minshall,42,mastercard,Zhangpu
807,Meir,Gerrie,36,mastercard,Kåge
808,Dianna,Ox,28,mastercard,Sheshory
809,Odele,Hatt,22,visa,Gaojingzhuang
810,Di,Burnett,51,visa,Catac
811,Briant,Hudd,43,mastercard,Panalanoy
812,Lambert,Sparkes,34,mastercard,Dolní Kounice
813,Malachi,Luckhurst,48,visa,Neglasari
814,John,Beames,44,visa,Arroyo Salado
815,Dinny,Alphege,24,visa,Las Piñas
816,Cthrine,Sisson,55,visa,Nhà Bè
817,Karel,Alner,42,visa,Tuymazy
818,Tabbi,Hulburt,43,visa,Pasrukrajan Satu
819,Konstantine,Lancashire,29,mastercard,Yuanmou
820,Gussy,Huggill,31,mastercard,Zhonglong
821,Conan,Brickhill,33,visa,Suozhen
822,Tammie,Terese,50,mastercard,Breia
823,Llewellyn,McKeveney,20,visa,Brejoeira
824,Gradey,Deporte,37,mastercard,Tiên Lãng
825,Allard,Ambler,51,mastercard,Corgo
826,Consuelo,Mattaus,46,mastercard,Banyuurip
827,Brandea,Maps,32,mastercard,Santo Tomas
828,Patton,Crutchley,28,mastercard,Airmata
829,Pietrek,Dachs,29,mastercard,Bobowo
830,Lianne,Powter,43,visa,Nueva Loja
831,Dorisa,Barnewell,23,visa,Troitskaya
832,Alina,Stoltz,36,mastercard,Falköping
833,Nicol,Bier,50,visa,Yaosai
834,Nan,Leversuch,51,visa,Rájec-Jestřebí
835,Alberto,Sailor,31,visa,Huimin
836,Gonzalo,Ferrarello,54,mastercard,Campo
837,Sonny,McLenaghan,26,visa,Conel
838,Krystle,Covey,38,mastercard,Atlantis
839,Bryana,Baudi,45,visa,Bélabo
840,Ag,Fallens,45,visa,Nar'yan-Mar
841,Inga,Vanlint,40,visa,Apiaí
842,Andeee,Tregoning,31,mastercard,Fontenay-sous-Bois
843,Vonni,Ivakhin,46,mastercard,Chixi
844,Hunfredo,Reasce,33,mastercard,Seoul
845,Erv,Booler,45,visa,Quintã
846,Frazer,Madill,51,mastercard,Montes Velhos
847,Silvia,Lacroix,29,mastercard,São Joaquim da Barra
848,Elvin,Bakhrushkin,37,visa,Huaquirca
849,Riley,Shord,49,visa,Sydney
850,Brier,Blankley,25,visa,Ylitornio
851,Mary,Blowfelde,27,visa,Mujur Satu
852,Joan,Lehrle,30,visa,Caoping
853,Nomi,Rapson,23,visa,Canto
854,Adan,Rainsdon,21,visa,Karpushikha
855,Kirk,Thirkettle,25,mastercard,Leonárisso
856,Lucina,Gandy,31,visa,Paso de Carrasco
857,Jamesy,Sawyer,26,visa,Annecy-le-Vieux
858,Farra,Leavey,32,visa,Pereira
859,Hedi,Napthine,21,mastercard,Ebak
860,Rustin,Ginger,27,mastercard,Huangdu
861,Laurence,Bossingham,39,mastercard,Tisul’
862,Emlen,Cockle,20,visa,Tocoa
863,Emmie,Coupland,32,mastercard,Sruni
864,Kevina,Larraway,24,visa,Cikondang
865,Ardath,Greenacre,41,visa,Carrasqueira
866,Kailey,Alleyne,26,mastercard,Évreux
867,Mortimer,Gertz,20,mastercard,Ochër
868,Thaine,Stollen,30,visa,Arevashogh
869,Deidre,Burg,46,visa,Haugesund
870,Bekki,Mattessen,41,mastercard,Mar’’ina Horka
871,Templeton,Cristoforo,41,visa,Darunban
872,Fleurette,Garbert,55,mastercard,Namur
873,Marcille,Pitkaithly,27,mastercard,Zhongfeng
874,Kelby,Heape,26,mastercard,El Triunfo de la Cruz
875,Lorenza,Janney,26,mastercard,Cruz
876,Fidelia,Crielly,35,visa,Kinshasa
877,Bliss,Cussons,26,mastercard,Layu
878,Truman,Havock,43,visa,Gustavsberg
879,Kiley,MacGovern,45,visa,Santiago De Compostela
880,Stephen,Kaman,24,visa,Yungay
881,Harwell,Brolechan,35,visa,Amerta
882,Alfy,McRavey,23,visa,Qiangqinxue
883,Becki,Pearn,43,visa,Palhoça
884,Clem,Pierce,43,visa,Kissidougou
885,Kelcie,Selman,20,visa,Yaotian
886,Alexi,Naulls,51,mastercard,Tindog
887,Elmer,Lorens,42,mastercard,São Sebastião do Caí
888,Rosmunda,Brendeke,32,mastercard,Yangjia
889,Dillon,Pettit,48,visa,Río Blanco
890,Shurlock,Abramof,24,mastercard,Ampelókipoi
891,Alonzo,Smaile,29,mastercard,Stockholm
892,Tadd,Goodenough,26,mastercard,Cilangla
893,Ashley,Duffy,48,mastercard,Češinovo
894,Russ,Loveitt,21,mastercard,Faīẕābād
895,Caroljean,Weins,32,visa,Mukun
896,Jedd,Zanneli,38,visa,Malanów
897,Eldredge,Broddle,26,mastercard,Jīt
898,Wendy,Cicculi,45,visa,Zhamao
899,Ernesto,Tethcote,51,visa,Trondheim
900,Marinna,Mulholland,39,mastercard,Edosaki
901,Quincy,Loton,39,visa,Bang Bo District
902,Edward,Lentsch,37,visa,Straszydle
903,Gerrilee,Loveday,54,mastercard,Washington
904,Iseabal,Bridgewood,36,mastercard,Xinzha
905,Charmaine,Hannigan,35,mastercard,Gwandu
906,Dionne,Vickerman,35,visa,Nanpiao
907,Merrill,Pfertner,20,mastercard,Changhe
908,Albert,Ockendon,52,visa,Zhouzhuang
909,Euell,Barney,23,mastercard,Now Zād
910,Alfie,Farraway,22,mastercard,Zumiao
911,Miquela,Conman,25,visa,Koton Karifi
912,Jaquith,Sibbe,46,mastercard,Alkmaar
913,Vilhelmina,Salandino,32,visa,Caen
914,Tomlin,Vigneron,37,mastercard,Xiacaoqiao
915,Grenville,Benettini,52,mastercard,Kadujajar
916,Charlton,Pasque,32,mastercard,Zhengyangshan
917,Sandi,Duckham,49,mastercard,Kijang
918,Stephanus,MacAndie,28,visa,Khrystynivka
919,Novelia,Baldelli,55,visa,Safotu
920,Alley,OGrogane,38,mastercard,Bongao
921,Demetra,Folshom,21,mastercard,Huangcai
922,Michelle,Seymer,29,mastercard,Mingyuedian
923,Harley,Magarrell,38,visa,Moshenskoye
924,Fin,Beveredge,33,visa,Yangtan
925,Joye,Cullinan,36,visa,Kendung Timur
926,Beulah,Shrubshall,37,visa,Bañga
927,Abra,Regglar,44,visa,Hekou
928,Dietrich,Polini,42,mastercard,Dearborn
929,Uriah,Wilcocks,42,visa,Temblador
930,Shannah,Pendle,45,visa,Yala
931,Chane,Belverstone,46,visa,Curahnongko
932,Rick,Goseling,34,mastercard,Ubatã
933,Kinnie,Dullingham,34,mastercard,Balud
934,Riordan,Cammoile,29,mastercard,Minador do Negrão
935,Bambie,Pagen,47,visa,Miribel
936,Dewey,Codd,34,visa,Siem Reap
937,Raimondo,Moynihan,55,visa,Yanaoca
938,Drusy,Pecey,20,mastercard,Tahoua
939,Herman,Bugg,42,mastercard,Lisakovsk
940,Randolf,Figgins,48,mastercard,Wlingi
941,Emmie,Heball,39,mastercard,Eirunepé
942,Hally,Levesley,48,mastercard,Kanzaki
943,Em,Gilbard,31,mastercard,Vila Ribeiro
944,Corabelle,Wynne,48,mastercard,Parchowo
945,Annalise,Burtt,42,mastercard,Silago
946,Kim,Francescone,42,visa,Xianlong
947,Ryann,Ferier,43,mastercard,Tagana-an
948,Abagael,Goggin,30,visa,Lingsar
949,Hynda,Scoates,38,visa,Mellila
950,Mindy,Davidge,48,visa,Tuscaloosa
951,Hillard,Hoffman,26,visa,Pontang Tengah
952,Kaile,Routham,50,visa,Nilanapo
953,Joete,Hanlon,45,mastercard,Pakalongan
954,Kale,Sawney,44,mastercard,Čížkovice
955,Moyna,Louth,54,mastercard,Lourdes
956,Loella,Renzo,52,mastercard,Aucallama
957,Karlan,Benner,49,visa,Cícero Dantas
958,Bondy,Boman,39,visa,Gadang
959,Fulvia,Tripe,30,mastercard,Cagayan
960,Windham,Hufton,47,mastercard,Wichita
961,Peder,Snelson,29,mastercard,Fifi
962,Fairlie,Skillings,53,mastercard,Banjar Dukuh
963,Ollie,Torra,38,visa,Francisco I Madero
964,Simonette,Eldrett,38,visa,Luoqiao
965,Nanice,Jime,24,visa,Miyako
966,Bonnie,Alexandersson,26,mastercard,Ibicaraí
967,Gerick,Elderidge,45,visa,Santa Eulalia
968,Sherlock,Yockney,50,visa,Wuhe Chengguanzhen
969,Dorice,Abad,44,visa,Tembisa
970,Paulita,Sabie,54,mastercard,Ciseureuheun
971,Sarina,Gammack,55,visa,Qianchuan
972,Annadiane,Pardew,51,visa,Flor da Mata
973,Ivette,Klugel,31,mastercard,Maizuru
974,Angelique,Escoffrey,24,mastercard,Nizhnyaya Tura
975,Obadiah,Chipping,52,mastercard,Xiasi
976,Jilly,McReedy,35,visa,Bobigny
977,Yule,Hardware,26,visa,Lebak
978,Cariotta,Romke,41,mastercard,Cavalões
979,Adrien,Welling,32,visa,Nichinan
980,Ara,Phlippi,20,mastercard,Fengshan
981,Alfie,Loughlin,51,visa,Ban Ko Lan
982,Marybelle,Eannetta,36,mastercard,Johnson City
983,Ashlan,Portam,39,mastercard,Wenling
984,Grazia,Marriage,54,mastercard,Dalianwan
985,Karrah,Ochterlonie,22,mastercard,Tirana
986,Gasper,Beaven,37,visa,Lyon
987,Izaak,Westell,28,visa,Al Ain
988,Denise,Chattock,40,mastercard,Mariatana
989,Bert,Gratten,31,visa,Longtang
990,Barbey,Crowcum,39,visa,Myślenice
991,Othello,Comsty,24,visa,Lin’an
992,Bessy,Uccelli,37,visa,Firminópolis
993,Aldridge,Couth,30,mastercard,Anse Boileau
994,Jana,Dowda,21,mastercard,Minneapolis
995,Cayla,Peidro,49,mastercard,Rio das Ostras
996,Patricia,Broinlich,50,mastercard,Novyy Starodub
997,Trumann,Cloughton,51,visa,Dhahab
998,Eben,Bickerdicke,21,visa,Khawr Maksar
999,Isador,Larcier,41,mastercard,Charleston
1000,Katrine,Parrott,25,visa,Enköping